{
    "image": "GCN_org",
    "bbox_info": [
        {
            "class": 0.0,
            "bbox_center_x": 0.5,
            "bbox_center_y": 0.5,
            "bbox_width": 0.2,
            "bbox_height": 0.2,
            "bbox_area": 28549.120000000006,
            "score": 0.3,
            "label": 0.0,
            "seg": [
                {
                    "id": 5,
                    "isthing": true,
                    "category_id": 10,
                    "area": 9055.0,
                    "intersection": 3769,
                    "seg_percent": 0.4162341247929321,
                    "bbox_percent": 0.13201807971664273,
                    "distance": 67.69231861888024,
                    "centroid_x": 0.474609375,
                    "centroid_y": 0.5896700143472023
                },
                {
                    "id": 7,
                    "isthing": false,
                    "category_id": 16,
                    "area": 338992.0,
                    "intersection": 13511,
                    "seg_percent": 0.039856397791098314,
                    "bbox_percent": 0.47325451712697264,
                    "distance": 153.9391113395163,
                    "centroid_x": 0.5205078125,
                    "centroid_y": 0.2812051649928264
                },
                {
                    "id": 9,
                    "isthing": false,
                    "category_id": 25,
                    "area": 100865.0,
                    "intersection": 1766,
                    "seg_percent": 0.017508551033559708,
                    "bbox_percent": 0.06185829895982782,
                    "distance": 68.50729888121411,
                    "centroid_x": 0.5009765625,
                    "centroid_y": 0.5982783357245337
                }
            ],
            "gcn_prediction": -1
        },
        {
            "class": 0.0,
            "bbox_center_x": 0.9277,
            "bbox_center_y": 0.6801,
            "bbox_width": 0.1412,
            "bbox_height": 0.2101,
            "bbox_area": 21173.54049536,
            "score": 0.7,
            "label": 1.0,
            "seg": [
                {
                    "id": 4,
                    "isthing": false,
                    "category_id": 18,
                    "area": 5303.0,
                    "intersection": 3670,
                    "seg_percent": 0.6920610974919856,
                    "bbox_percent": 0.1285503721305595,
                    "distance": 138.67188295083466,
                    "centroid_x": 0.8017578125,
                    "centroid_y": 0.7532281205164992
                },
                {
                    "id": 9,
                    "isthing": false,
                    "category_id": 25,
                    "area": 100865.0,
                    "intersection": 6098,
                    "seg_percent": 0.06045704654736529,
                    "bbox_percent": 0.21359677636298416,
                    "distance": 440.67065153142426,
                    "centroid_x": 0.5009765625,
                    "centroid_y": 0.5982783357245337
                }
            ],
            "gcn_prediction": 0
        }
    ]
}