image_id,graph_id,bbox_center_x,bbox_center_y,bbox_width,bbox_height,bbox_area,score,label,bbox_id,node_id,seg_id,category_id,id,intersection,seg_area,seg_percent,bbox_percent,distance,centroid_x,centroid_y,encoded_seg_id
GCN_org_1,1,0.5,0.5,0.2,0.2,28549.120000000006,0.3,0.0,1,2,1_10_5,10,5,3769,9055.0,0.4162341247929321,0.1320180797166427,67.69231861888024,0.474609375,0.5896700143472023,1
GCN_org_1,1,0.5,0.5,0.2,0.2,28549.120000000006,0.3,0.0,1,3,1_16_7,16,7,13511,338992.0,0.0398563977910983,0.4732545171269726,153.9391113395163,0.5205078125,0.2812051649928264,2
GCN_org_1,1,0.5,0.5,0.2,0.2,28549.120000000006,0.3,0.0,1,4,1_25_9,25,9,1766,100865.0,0.0175085510335597,0.0618582989598278,68.50729888121411,0.5009765625,0.5982783357245337,3
GCN_org_2,1,0.9277,0.6801,0.1412,0.2101,21173.54049536,0.7,1.0,5,6,1_18_4,18,4,3670,5303.0,0.6920610974919856,0.1285503721305595,138.67188295083466,0.8017578125,0.7532281205164992,4
GCN_org_2,1,0.9277,0.6801,0.1412,0.2101,21173.54049536,0.7,1.0,5,7,1_25_9,25,9,6098,100865.0,0.0604570465473652,0.2135967763629841,440.67065153142426,0.5009765625,0.5982783357245337,3
