image_id,bbox_id,node_id,seg_id,category_id,id,intersection,seg_area,seg_percent,bbox_percent,distance,centroid_x,centroid_y
GCN_org_1,1,2,10_5,10,5,3769,9055.0,0.4162341247929321,0.13201807971664273,67.69231861888024,0.474609375,0.5896700143472023
GCN_org_1,1,3,16_7,16,7,13511,338992.0,0.039856397791098314,0.47325451712697264,153.9391113395163,0.5205078125,0.2812051649928264
GCN_org_1,1,4,25_9,25,9,1766,100865.0,0.017508551033559708,0.06185829895982782,68.50729888121411,0.5009765625,0.5982783357245337
GCN_org_2,5,6,18_4,18,4,3670,5303.0,0.6920610974919856,0.1285503721305595,138.67188295083466,0.8017578125,0.7532281205164992
GCN_org_2,5,7,25_9,25,9,6098,100865.0,0.06045704654736529,0.21359677636298416,440.67065153142426,0.5009765625,0.5982783357245337
